statement,dataset,split,correct,eval_order,p_dot,score_xfmt,score_capint
"88 - 63 = 38",arithmetic,arith_train,0,,0.3187486490,,
"68 - 15 = 65",arithmetic,arith_test,0,15,0.2956725812,0.0000060430,
"4 x 47 = 188",arithmetic,arith_train,1,,0.6898326309,,
"27 - 55 = -36",arithmetic,arith_train,0,,0.3841383504,,
"15 - 92 = -77",arithmetic,arith_train,1,,0.5961145838,,
"11 + 27 = 38",arithmetic,arith_train,1,,0.7787127832,,
"99 + 54 = 153",arithmetic,arith_test,1,44,0.7701345133,0.9767701132,
"47 x 60 = 2803",arithmetic,arith_test,0,59,0.7108358766,0.0022752220,
"100 x 74 = 7400",arithmetic,arith_train,1,,0.8142577549,,
"42 x 9 = 378",arithmetic,arith_test,1,77,0.6576937954,0.0221905403,
"47 x 13 = 603",arithmetic,arith_train,0,,0.6937359236,,
"21 x 9 = 193",arithmetic,arith_train,0,,0.6021871673,,
"55 x 35 = 1923",arithmetic,arith_train,0,,0.4926671293,,
"66 + 57 = 123",arithmetic,arith_train,1,,0.7600130943,,
"84 - 55 = 29",arithmetic,arith_train,1,,0.4797159628,,
"46 - 5 = 41",arithmetic,arith_train,1,,0.6129993363,,
"86 + 20 = 111",arithmetic,arith_train,0,,0.4950713977,,
"57 - 68 = -23",arithmetic,arith_train,0,,0.2989044271,,
"40 - 30 = 6",arithmetic,arith_train,0,,0.3255554931,,
"21 x 33 = 693",arithmetic,arith_train,1,,0.7518362692,,
"94 + 81 = 178",arithmetic,arith_train,0,,0.7225179801,,
"99 + 58 = 147",arithmetic,arith_train,0,,0.6376536686,,
"20 - 87 = -67",arithmetic,arith_train,1,,0.6397413121,,
"51 x 15 = 765",arithmetic,arith_train,1,,0.7698363027,,
"64 + 70 = 147",arithmetic,arith_train,0,,0.5917825645,,
"5 x 31 = 170",arithmetic,arith_test,0,40,0.6447859192,0.0000485395,
"27 - 8 = 19",arithmetic,arith_test,1,89,0.4565850806,0.9989951251,
"23 - 35 = -12",arithmetic,arith_train,1,,0.4601105144,,
"69 x 96 = 6624",arithmetic,arith_train,1,,0.8234027691,,
"98 x 38 = 3724",arithmetic,arith_train,1,,0.7346249132,,
"65 - 18 = 50",arithmetic,arith_train,0,,0.3904755161,,
"32 - 10 = 22",arithmetic,arith_test,1,22,0.4927663896,0.9984311604,
"57 - 17 = 40",arithmetic,arith_test,1,93,0.6166609399,0.9985702650,
"97 - 51 = 44",arithmetic,arith_train,0,,0.5694387640,,
"13 x 44 = 560",arithmetic,arith_train,0,,0.5530917264,,
"62 + 2 = 64",arithmetic,arith_train,1,,0.6492432896,,
"76 + 2 = 67",arithmetic,arith_train,0,,0.1980206991,,
"22 - 74 = -52",arithmetic,arith_test,1,95,0.5966096441,0.9946164189,
"83 x 89 = 7387",arithmetic,arith_train,1,,0.7415101440,,
"30 + 63 = 105",arithmetic,arith_train,0,,0.4929644300,,
"72 x 4 = 293",arithmetic,arith_train,0,,0.4643728956,,
"30 x 35 = 1050",arithmetic,arith_train,1,,0.6979220896,,
"16 - 36 = -36",arithmetic,arith_test,0,67,0.2787298239,0.0000001502,
"83 + 88 = 171",arithmetic,arith_train,1,,0.7980231193,,
"81 + 14 = 95",arithmetic,arith_train,1,,0.7407072911,,
"72 x 78 = 5616",arithmetic,arith_train,1,,0.8140494083,,
"13 x 95 = 1235",arithmetic,arith_test,1,68,0.7612041747,0.9917479874,
"66 + 24 = 98",arithmetic,arith_test,0,28,0.5828054970,0.0016550382,
"94 x 94 = 8836",arithmetic,arith_test,1,7,0.8398678888,0.9722880314,
"40 - 73 = -52",arithmetic,arith_train,0,,0.2743053802,,
"63 x 80 = 5050",arithmetic,arith_train,0,,0.7944582142,,
"23 + 62 = 97",arithmetic,arith_train,0,,0.4300586706,,
"79 - 71 = -12",arithmetic,arith_train,0,,0.2544760886,,
"71 x 7 = 515",arithmetic,arith_train,0,,0.6451489141,,
"35 + 73 = 122",arithmetic,arith_train,0,,0.5859074984,,
"50 - 64 = -22",arithmetic,arith_train,0,,0.1214187392,,
"5 + 79 = 84",arithmetic,arith_train,1,,0.7670192972,,
"96 + 98 = 194",arithmetic,arith_train,1,,0.7770686720,,
"69 x 99 = 6831",arithmetic,arith_train,1,,0.8435821291,,
"24 + 90 = 114",arithmetic,arith_train,1,,0.8204036867,,
"100 - 100 = 0",arithmetic,arith_train,1,,0.7285095297,,
"16 x 79 = 1264",arithmetic,arith_train,1,,0.7331913316,,
"34 x 20 = 680",arithmetic,arith_train,1,,0.6845684937,,
"45 - 38 = 7",arithmetic,arith_test,1,26,0.5392322377,0.9996771233,
"94 + 67 = 172",arithmetic,arith_train,0,,0.6187005175,,
"89 x 37 = 3293",arithmetic,arith_test,1,38,0.7877064598,0.1365710288,
"31 x 13 = 403",arithmetic,arith_test,1,75,0.8192490707,0.9829003925,
"17 x 31 = 527",arithmetic,arith_train,1,,0.7169588469,,
"1 + 14 = 15",arithmetic,arith_test,1,70,0.4105951644,0.9373814757,
"4 x 13 = 52",arithmetic,arith_train,1,,0.7998973704,,
"91 x 90 = 8196",arithmetic,arith_train,0,,0.6297122727,,
"23 x 85 = 1958",arithmetic,arith_train,0,,0.5278546368,,
"58 - 18 = 40",arithmetic,arith_train,1,,0.6263370631,,
"22 x 89 = 1958",arithmetic,arith_train,1,,0.6874843540,,
"54 + 87 = 157",arithmetic,arith_train,0,,0.6482414406,,
"0 + 10 = 1",arithmetic,arith_train,0,,0.1964483733,,
"91 + 40 = 131",arithmetic,arith_train,1,,0.7373450415,,
"10 + 32 = 24",arithmetic,arith_test,0,109,0.4279803841,0.0000029341,
"75 x 51 = 3822",arithmetic,arith_train,0,,0.5920356947,,
"34 - 55 = -21",arithmetic,arith_train,1,,0.6548223644,,
"4 - 74 = -75",arithmetic,arith_train,0,,0.5066243010,,
"41 x 21 = 876",arithmetic,arith_train,0,,0.5032356802,,
"5 - 31 = -26",arithmetic,arith_train,1,,0.7010562165,,
"16 - 81 = -61",arithmetic,arith_train,0,,0.6507950498,,
"84 x 60 = 5040",arithmetic,arith_test,1,106,0.8030840505,0.9617461082,
"4 x 16 = 45",arithmetic,arith_train,0,,0.5706330445,,
"14 + 84 = 93",arithmetic,arith_train,0,,0.5494356920,,
"83 + 9 = 76",arithmetic,arith_train,0,,0.3139925180,,
"85 - 13 = 72",arithmetic,arith_train,1,,0.6669112545,,
"9 + 88 = 91",arithmetic,arith_train,0,,0.5809857672,,
"64 - 67 = 3",arithmetic,arith_test,0,1,0.2378883142,0.0001129959,
"12 + 89 = 119",arithmetic,arith_train,0,,0.6418994466,,
"84 x 79 = 6616",arithmetic,arith_train,0,,0.7788634803,,
"84 - 24 = 60",arithmetic,arith_train,1,,0.5942405812,,
"73 - 36 = 21",arithmetic,arith_train,0,,0.4802701541,,
"48 + 61 = 109",arithmetic,arith_test,1,78,0.7414243233,0.9840978203,
"91 + 14 = 105",arithmetic,arith_test,1,17,0.7966820304,0.9977518786,
"36 - 90 = -69",arithmetic,arith_train,0,,0.4397338305,,
"59 - 48 = 11",arithmetic,arith_train,1,,0.5071920150,,
"27 + 98 = 116",arithmetic,arith_test,0,27,0.5963037284,0.1862933528,
"23 x 18 = 401",arithmetic,arith_test,0,41,0.4341851315,0.0000057023,
"17 - 49 = -20",arithmetic,arith_test,0,18,0.3203748986,0.0000282061,
"72 + 5 = 74",arithmetic,arith_train,0,,0.4672988050,,
"46 x 8 = 386",arithmetic,arith_test,0,33,0.6384737277,0.0071226248,
"58 + 40 = 98",arithmetic,arith_train,1,,0.7364760163,,
"20 - 95 = -75",arithmetic,arith_train,1,,0.6403325089,,
"66 - 19 = 41",arithmetic,arith_test,0,98,0.4662326615,0.0028723049,
"88 + 23 = 118",arithmetic,arith_test,0,85,0.6463469060,0.0155244348,
"49 x 24 = 1193",arithmetic,arith_train,0,,0.5270044629,,
"8 - 51 = -40",arithmetic,arith_train,0,,0.2785486944,,
"76 - 8 = 68",arithmetic,arith_test,1,57,0.5363417865,0.9994067328,
"72 x 82 = 5884",arithmetic,arith_train,0,,0.7501220347,,
"87 + 60 = 150",arithmetic,arith_test,0,105,0.6418963162,0.0021544894,
"47 + 55 = 110",arithmetic,arith_train,0,,0.6668395535,,
"80 + 82 = 172",arithmetic,arith_train,0,,0.6102565119,,
"87 + 6 = 98",arithmetic,arith_train,0,,0.5928091896,,
"73 x 24 = 1752",arithmetic,arith_train,1,,0.7467858485,,
"11 - 81 = -70",arithmetic,arith_train,1,,0.5412362992,,
"86 x 33 = 2851",arithmetic,arith_train,0,,0.8061466152,,
"67 - 37 = 47",arithmetic,arith_train,0,,0.3048552815,,
"77 - 91 = -8",arithmetic,arith_train,0,,0.2971909749,,
"98 + 37 = 135",arithmetic,arith_test,1,29,0.7702111683,0.9917688583,
"80 + 40 = 105",arithmetic,arith_train,0,,0.3711583002,,
"99 x 70 = 6911",arithmetic,arith_train,0,,0.6392492454,,
"23 - 6 = 1",arithmetic,arith_train,0,,0.3241076061,,
"94 + 69 = 163",arithmetic,arith_test,1,9,0.8486890799,0.9939110130,
"53 + 62 = 115",arithmetic,arith_train,1,,0.7603399330,,
"83 x 8 = 664",arithmetic,arith_test,1,4,0.6536089648,0.6675392345,
"29 + 8 = 37",arithmetic,arith_train,1,,0.6901281052,,
"1 x 87 = 87",arithmetic,arith_train,1,,0.5876439426,,
"43 + 91 = 151",arithmetic,arith_train,0,,0.7243418547,,
"5 + 55 = 75",arithmetic,arith_train,0,,0.3428333914,,
"66 + 34 = 86",arithmetic,arith_train,0,,0.4422509307,,
"40 - 85 = -33",arithmetic,arith_test,0,71,0.3152524116,0.0000199536,
"53 - 28 = 25",arithmetic,arith_train,1,,0.5388173108,,
"86 - 68 = 18",arithmetic,arith_train,1,,0.5011628554,,
"2 x 95 = 190",arithmetic,arith_test,1,24,0.6520197784,0.9562170212,
"54 - 43 = 11",arithmetic,arith_train,1,,0.5295843770,,
"97 + 70 = 148",arithmetic,arith_train,0,,0.5895510034,,
"26 + 87 = 113",arithmetic,arith_train,1,,0.8163999596,,
"20 x 63 = 1245",arithmetic,arith_train,0,,0.6597280083,,
"57 x 59 = 3346",arithmetic,arith_train,0,,0.6448359790,,
"90 - 10 = 62",arithmetic,arith_train,0,,0.4368542146,,
"70 x 37 = 2590",arithmetic,arith_train,1,,0.7580176413,,
"12 - 24 = -20",arithmetic,arith_train,0,,0.2913650784,,
"31 - 15 = 16",arithmetic,arith_train,1,,0.5854150638,,
"6 - 33 = -27",arithmetic,arith_train,1,,0.6596011566,,
"14 + 72 = 86",arithmetic,arith_train,1,,0.6656096830,,
"24 x 24 = 576",arithmetic,arith_train,1,,0.7836640233,,
"81 x 88 = 7128",arithmetic,arith_train,1,,0.8005016076,,
"68 x 27 = 1836",arithmetic,arith_train,1,,0.7835611638,,
"73 - 56 = 27",arithmetic,arith_train,0,,0.2436920204,,
"88 x 50 = 4403",arithmetic,arith_train,0,,0.6898934531,,
"95 x 22 = 2090",arithmetic,arith_train,1,,0.7379691561,,
"20 x 41 = 809",arithmetic,arith_train,0,,0.7272583712,,
"79 x 16 = 1251",arithmetic,arith_test,0,45,0.5611937325,0.0000042809,
"98 x 79 = 7724",arithmetic,arith_train,0,,0.6902461629,,
"4 - 7 = -13",arithmetic,arith_train,0,,0.3541956763,,
"72 + 87 = 153",arithmetic,arith_train,0,,0.7323222755,,
"65 + 28 = 100",arithmetic,arith_train,0,,0.4697111507,,
"24 - 66 = -22",arithmetic,arith_train,0,,0.3664636114,,
"23 x 8 = 184",arithmetic,arith_train,1,,0.7064157458,,
"8 - 31 = -23",arithmetic,arith_train,1,,0.6550966632,,
"63 + 11 = 74",arithmetic,arith_train,1,,0.7139655470,,
"83 + 82 = 165",arithmetic,arith_train,1,,0.7284109546,,
"49 + 73 = 122",arithmetic,arith_train,1,,0.8198179791,,
"51 + 34 = 85",arithmetic,arith_train,1,,0.7780382941,,
"83 + 69 = 152",arithmetic,arith_train,1,,0.7741864815,,
"21 - 52 = -31",arithmetic,arith_train,1,,0.7089741712,,
"56 x 56 = 3136",arithmetic,arith_train,1,,0.7782541045,,
"72 + 12 = 84",arithmetic,arith_train,1,,0.7207498902,,
"94 x 69 = 6486",arithmetic,arith_train,1,,0.7959503804,,
"100 x 30 = 2989",arithmetic,arith_train,0,,0.6109055262,,
"31 + 14 = 39",arithmetic,arith_test,0,83,0.5331698243,0.0160968413,
"56 + 35 = 72",arithmetic,arith_test,0,51,0.4020724163,0.0000118595,
"76 x 15 = 1140",arithmetic,arith_train,1,,0.6671750515,,
"15 - 0 = 1",arithmetic,arith_train,0,,0.3261670048,,
"55 x 44 = 2420",arithmetic,arith_train,1,,0.7442583664,,
"37 + 100 = 154",arithmetic,arith_train,0,,0.6655611626,,
"58 - 44 = 14",arithmetic,arith_train,1,,0.4310542094,,
"16 - 5 = 11",arithmetic,arith_train,1,,0.3912603760,,
"8 - 16 = 12",arithmetic,arith_test,0,74,0.3088118029,0.0001336525,
"0 x 84 = -15",arithmetic,arith_train,0,,0.1676466108,,
"38 + 84 = 122",arithmetic,arith_train,1,,0.7843823201,,
"13 - 11 = 2",arithmetic,arith_train,1,,0.4788889792,,
"59 + 53 = 112",arithmetic,arith_train,1,,0.7186869218,,
"61 + 59 = 131",arithmetic,arith_train,0,,0.5540730541,,
"95 - 8 = 102",arithmetic,arith_train,0,,0.0937505025,,
"43 - 14 = 29",arithmetic,arith_train,1,,0.4411655204,,
"90 - 48 = 37",arithmetic,arith_train,0,,0.4633713852,,
"31 - 11 = 20",arithmetic,arith_test,1,36,0.5473771580,0.9971347292,
"98 + 99 = 197",arithmetic,arith_train,1,,0.7133205924,,
"39 x 51 = 1989",arithmetic,arith_test,1,117,0.6944151949,0.3709480412,
"51 - 95 = -57",arithmetic,arith_train,0,,0.2567542507,,
"70 x 29 = 2030",arithmetic,arith_train,1,,0.7531138030,,
"72 x 87 = 6266",arithmetic,arith_train,0,,0.7043578490,,
"51 + 31 = 82",arithmetic,arith_test,1,63,0.7237234296,0.9969680797,
"85 x 48 = 4080",arithmetic,arith_train,1,,0.8108100097,,
"12 - 50 = -27",arithmetic,arith_train,0,,0.2582409962,,
"84 - 54 = 10",arithmetic,arith_test,0,12,0.3978663287,0.0470799426,
"32 x 5 = 160",arithmetic,arith_train,1,,0.7154819292,,
"87 x 40 = 3492",arithmetic,arith_train,0,,0.6312640882,,
"77 + 54 = 131",arithmetic,arith_train,1,,0.7857421597,,
"33 x 26 = 858",arithmetic,arith_train,1,,0.8029993167,,
"86 - 48 = 38",arithmetic,arith_test,1,54,0.5682711834,0.9995660209,
"19 - 27 = -8",arithmetic,arith_train,1,,0.5465459874,,
"16 - 24 = -8",arithmetic,arith_train,1,,0.4277554168,,
"16 x 100 = 1593",arithmetic,arith_train,0,,0.4216490313,,
"6 x 80 = 469",arithmetic,arith_test,0,92,0.6950559190,0.0176136684,
"42 x 16 = 655",arithmetic,arith_test,0,10,0.4541976333,0.0001573180,
"34 - 39 = -13",arithmetic,arith_train,0,,0.1982170531,,
"56 x 44 = 2474",arithmetic,arith_test,0,108,0.7026581499,0.0216023023,
"14 x 36 = 485",arithmetic,arith_test,0,39,0.4028563211,0.0000720598,
"25 - 5 = 30",arithmetic,arith_train,0,,0.0987356530,,
"68 x 87 = 5916",arithmetic,arith_train,1,,0.7879253693,,
"77 + 25 = 102",arithmetic,arith_train,1,,0.8199856160,,
"97 x 20 = 1940",arithmetic,arith_train,1,,0.6981729827,,
"3 - 14 = -11",arithmetic,arith_train,1,,0.6318453480,,
"92 - 21 = 71",arithmetic,arith_train,1,,0.8147441574,,
"81 + 33 = 114",arithmetic,arith_train,1,,0.7354117755,,
"17 + 59 = 76",arithmetic,arith_train,1,,0.7035780709,,
"35 + 56 = 91",arithmetic,arith_test,1,32,0.8066483324,0.9921685379,
"3 x 50 = 150",arithmetic,arith_train,1,,0.5921106060,,
"73 + 83 = 167",arithmetic,arith_train,0,,0.4641243975,,
"82 x 21 = 1703",arithmetic,arith_train,0,,0.6399149462,,
"11 - 8 = 16",arithmetic,arith_train,0,,0.1236938875,,
"38 x 81 = 3078",arithmetic,arith_test,1,118,0.7936165481,0.4277777569,
"82 + 3 = 101",arithmetic,arith_train,0,,0.3695712269,,
"67 x 71 = 4757",arithmetic,arith_train,1,,0.7960537537,,
"3 + 11 = 33",arithmetic,arith_train,0,,0.4599550447,,
"95 - 11 = 88",arithmetic,arith_train,0,,0.4808141046,,
"55 x 22 = 1210",arithmetic,arith_train,1,,0.7576307399,,
"61 - 27 = 34",arithmetic,arith_train,1,,0.5878090017,,
"95 x 89 = 8469",arithmetic,arith_train,0,,0.8127805156,,
"14 + 59 = 68",arithmetic,arith_train,0,,0.4285927222,,
"71 x 25 = 1775",arithmetic,arith_train,1,,0.7229241033,,
"43 x 35 = 1514",arithmetic,arith_train,0,,0.5997403034,,
"78 + 94 = 179",arithmetic,arith_train,0,,0.7057284198,,
"14 x 63 = 864",arithmetic,arith_train,0,,0.7244759151,,
"59 x 6 = 354",arithmetic,arith_train,1,,0.7261659690,,
"12 - 87 = -57",arithmetic,arith_train,0,,0.3251728236,,
"59 x 36 = 2106",arithmetic,arith_train,0,,0.7280706833,,
"46 - 11 = 31",arithmetic,arith_test,0,61,0.5033183118,0.0077499503,
"66 - 48 = 3",arithmetic,arith_train,0,,0.2591141588,,
"62 x 27 = 1674",arithmetic,arith_train,1,,0.7352438124,,
"95 + 40 = 135",arithmetic,arith_train,1,,0.6924977541,,
"44 + 57 = 113",arithmetic,arith_train,0,,0.6457903525,,
"0 x 92 = 0",arithmetic,arith_train,1,,0.3501241805,,
"84 x 81 = 6804",arithmetic,arith_train,1,,0.8677110946,,
"7 x 51 = 357",arithmetic,arith_train,1,,0.6858860748,,
"86 - 68 = 29",arithmetic,arith_train,0,,0.1419556029,,
"7 - 21 = -14",arithmetic,arith_test,1,94,0.5897972145,0.9989555845,
"27 - 56 = -21",arithmetic,arith_train,0,,0.3163055961,,
"24 + 89 = 94",arithmetic,arith_train,0,,0.4450415556,,
"9 + 18 = 40",arithmetic,arith_train,0,,0.4309541251,,
"34 - 42 = -8",arithmetic,arith_test,1,100,0.5558804644,0.9950434601,
"82 x 22 = 1819",arithmetic,arith_train,0,,0.6188423965,,
"58 + 90 = 148",arithmetic,arith_train,1,,0.7981279146,,
"75 - 34 = 41",arithmetic,arith_train,1,,0.6434767161,,
"19 - 24 = -5",arithmetic,arith_train,1,,0.3242475134,,
"0 - 76 = -76",arithmetic,arith_train,1,,0.7069261571,,
"72 - 38 = 34",arithmetic,arith_train,1,,0.5406508436,,
"100 - 60 = 40",arithmetic,arith_train,1,,0.6494809311,,
"64 + 58 = 129",arithmetic,arith_train,0,,0.5882401988,,
"82 - 65 = 17",arithmetic,arith_test,1,2,0.4839574387,0.9997762957,
"14 - 99 = -93",arithmetic,arith_test,0,6,0.3753180536,0.0000002087,
"29 + 42 = 51",arithmetic,arith_test,0,65,0.7414551894,0.3443052465,
"8 - 85 = -77",arithmetic,arith_train,1,,0.5557328239,,
"79 x 40 = 3160",arithmetic,arith_train,1,,0.7937076259,,
"78 x 92 = 7176",arithmetic,arith_train,1,,0.7918419885,,
"90 + 57 = 127",arithmetic,arith_train,0,,0.7362419963,,
"76 - 5 = 82",arithmetic,arith_test,0,96,0.0449746754,0.0006364894,
"78 + 98 = 176",arithmetic,arith_train,1,,0.7165274452,,
"10 x 10 = 100",arithmetic,arith_train,1,,0.6289556277,,
"24 + 12 = 36",arithmetic,arith_train,1,,0.7607378252,,
"10 x 36 = 360",arithmetic,arith_train,1,,0.6649040089,,
"48 x 68 = 3272",arithmetic,arith_test,0,31,0.7657988481,0.0017950166,
"12 - 45 = -33",arithmetic,arith_train,1,,0.6248879612,,
"89 - 97 = -19",arithmetic,arith_train,0,,0.2830945153,,
"28 - 87 = -59",arithmetic,arith_train,1,,0.6209402708,,
"27 - 48 = -36",arithmetic,arith_train,0,,0.3419701381,,
"39 x 13 = 507",arithmetic,arith_train,1,,0.7953776839,,
"57 x 22 = 1269",arithmetic,arith_train,0,,0.6640746514,,
"42 + 35 = 77",arithmetic,arith_train,1,,0.7543038458,,
"58 x 53 = 3074",arithmetic,arith_test,1,91,0.7541496984,0.1119342638,
"5 + 84 = 89",arithmetic,arith_train,1,,0.7833260815,,
"29 - 4 = 25",arithmetic,arith_train,1,,0.5027005774,,
"16 - 97 = -64",arithmetic,arith_train,0,,0.3315620930,,
"94 + 35 = 129",arithmetic,arith_train,1,,0.7309074157,,
"33 + 50 = 83",arithmetic,arith_test,1,34,0.7378330478,0.9961542906,
"70 - 0 = 70",arithmetic,arith_test,1,110,0.6619834633,0.9857211473,
"75 + 35 = 110",arithmetic,arith_test,1,60,0.6780713813,0.9832627627,
"97 - 69 = 43",arithmetic,arith_train,0,,0.3257438564,,
"91 + 36 = 127",arithmetic,arith_train,1,,0.7637269732,,
"68 x 54 = 3672",arithmetic,arith_test,1,66,0.8064899393,0.9027514075,
"34 x 89 = 3026",arithmetic,arith_train,1,,0.8435859508,,
"53 x 77 = 4061",arithmetic,arith_train,0,,0.8323935648,,
"92 x 61 = 5626",arithmetic,arith_train,0,,0.7568074886,,
"98 - 73 = 45",arithmetic,arith_train,0,,0.4213439388,,
"41 - 43 = -2",arithmetic,arith_train,1,,0.3811358002,,
"46 + 39 = 85",arithmetic,arith_test,1,37,0.8033196824,0.9886640452,
"2 x 97 = 203",arithmetic,arith_train,0,,0.4147399315,,
"45 x 26 = 1170",arithmetic,arith_train,1,,0.7178969455,,
"56 - 80 = -15",arithmetic,arith_train,0,,0.2130206339,,
"41 - 27 = 14",arithmetic,arith_train,1,,0.3703822873,,
"9 x 49 = 456",arithmetic,arith_test,0,104,0.4854698773,0.0005495805,
"28 + 62 = 90",arithmetic,arith_test,1,23,0.6861054008,0.9933965381,
"1 + 92 = 107",arithmetic,arith_train,0,,0.4362594800,,
"11 + 96 = 107",arithmetic,arith_train,1,,0.6977504807,,
"33 + 64 = 97",arithmetic,arith_train,1,,0.7002329917,,
"78 x 36 = 2793",arithmetic,arith_train,0,,0.7406754408,,
"6 + 44 = 50",arithmetic,arith_train,1,,0.7119460271,,
"73 x 45 = 3295",arithmetic,arith_train,0,,0.8150931818,,
"90 + 80 = 170",arithmetic,arith_train,1,,0.6907099038,,
"88 x 25 = 2200",arithmetic,arith_train,1,,0.8007964175,,
"98 + 47 = 145",arithmetic,arith_train,1,,0.8234753892,,
"77 - 17 = 62",arithmetic,arith_test,0,101,0.4915125268,0.1598011712,
"62 + 24 = 81",arithmetic,arith_train,0,,0.6141980547,,
"46 + 96 = 149",arithmetic,arith_test,0,0,0.4574876747,0.0000017493,
"19 x 70 = 1350",arithmetic,arith_train,0,,0.6605637916,,
"38 x 75 = 2866",arithmetic,arith_train,0,,0.6657783054,,
"93 - 19 = 78",arithmetic,arith_train,0,,0.5249795577,,
"82 + 43 = 125",arithmetic,arith_train,1,,0.7359495434,,
"72 + 71 = 155",arithmetic,arith_train,0,,0.5248310029,,
"77 + 65 = 142",arithmetic,arith_train,1,,0.8044305812,,
"10 x 41 = 400",arithmetic,arith_train,0,,0.4081024055,,
"27 x 19 = 497",arithmetic,arith_train,0,,0.6672565946,,
"31 + 25 = 56",arithmetic,arith_test,1,64,0.7868863421,0.9985358276,
"35 x 79 = 2745",arithmetic,arith_train,0,,0.8468253222,,
"5 - 81 = -88",arithmetic,arith_train,0,,0.3557002633,,
"53 x 84 = 4452",arithmetic,arith_train,1,,0.7903966163,,
"36 x 54 = 1944",arithmetic,arith_test,1,86,0.6752908761,0.9656726305,
"85 x 54 = 4578",arithmetic,arith_test,0,112,0.6262638981,0.0060865374,
"24 - 99 = -63",arithmetic,arith_test,0,13,0.3577954303,0.0024174975,
"11 x 78 = 841",arithmetic,arith_train,0,,0.7972576341,,
"0 - 78 = -70",arithmetic,arith_train,0,,0.3546165859,,
"25 - 46 = -21",arithmetic,arith_test,1,69,0.5776690789,0.9986546847,
"24 + 40 = 82",arithmetic,arith_train,0,,0.6250314887,,
"18 x 16 = 297",arithmetic,arith_train,0,,0.5308339503,,
"83 - 47 = 36",arithmetic,arith_test,1,62,0.6434333698,0.9988327855,
"71 + 46 = 104",arithmetic,arith_test,0,113,0.5426680903,0.0012055403,
"15 + 58 = 80",arithmetic,arith_train,0,,0.3696728800,,
"62 + 25 = 92",arithmetic,arith_train,0,,0.6191853030,,
"84 - 91 = -7",arithmetic,arith_train,1,,0.6101733523,,
"38 x 1 = 20",arithmetic,arith_test,0,87,0.2339550783,0.0000076496,
"55 x 0 = 0",arithmetic,arith_test,1,81,0.6499929581,0.9968646746,
"37 - 95 = -62",arithmetic,arith_train,0,,0.5990789180,,
"17 - 4 = 29",arithmetic,arith_train,0,,0.1752001522,,
"74 + 84 = 146",arithmetic,arith_train,0,,0.4691494217,,
"70 - 18 = 52",arithmetic,arith_train,1,,0.6497750515,,
"72 + 84 = 156",arithmetic,arith_train,1,,0.7512697414,,
"1 - 70 = -72",arithmetic,arith_train,0,,0.3441926540,,
"37 x 41 = 1503",arithmetic,arith_test,0,35,0.6883314550,0.0132814845,
"43 x 2 = 86",arithmetic,arith_train,1,,0.7415891343,,
"88 x 19 = 1672",arithmetic,arith_train,1,,0.7217744440,,
"69 + 10 = 79",arithmetic,arith_test,1,8,0.7440920910,0.9934798106,
"64 x 13 = 832",arithmetic,arith_train,1,,0.7872210590,,
"13 + 55 = 77",arithmetic,arith_train,0,,0.5046054460,,
"81 x 21 = 1701",arithmetic,arith_train,1,,0.7418317031,,
"30 x 80 = 2410",arithmetic,arith_train,0,,0.7734718425,,
"61 + 60 = 136",arithmetic,arith_train,0,,0.3999259119,,
"100 - 40 = 60",arithmetic,arith_train,1,,0.7008293271,,
"85 + 45 = 143",arithmetic,arith_train,0,,0.6866578271,,
"90 - 12 = 84",arithmetic,arith_train,0,,0.3695551752,,
"54 + 4 = 58",arithmetic,arith_train,1,,0.6828076106,,
"84 - 88 = -5",arithmetic,arith_train,0,,0.2351637518,,
"57 - 31 = 26",arithmetic,arith_train,1,,0.5679372911,,
"94 x 56 = 5264",arithmetic,arith_train,1,,0.8370653747,,
"94 - 42 = 52",arithmetic,arith_test,1,56,0.6665527899,0.9940212596,
"33 - 16 = 17",arithmetic,arith_train,1,,0.5503100561,,
"40 - 96 = -56",arithmetic,arith_train,1,,0.6165401848,,
"7 + 65 = 72",arithmetic,arith_test,1,3,0.7306021107,0.9969619601,
"42 + 17 = 71",arithmetic,arith_train,0,,0.6232049445,,
"1 x 58 = 58",arithmetic,arith_test,1,25,0.5269755098,0.9809853186,
"13 x 86 = 1118",arithmetic,arith_train,1,,0.7397870540,,
"72 - 66 = 6",arithmetic,arith_train,1,,0.5321914856,,
"79 + 95 = 174",arithmetic,arith_train,1,,0.7857209041,,
"76 + 7 = 76",arithmetic,arith_train,0,,0.3520718394,,
"98 + 16 = 114",arithmetic,arith_train,1,,0.7159769641,,
"54 - 52 = 2",arithmetic,arith_train,1,,0.5518595211,,
"14 x 19 = 266",arithmetic,arith_train,1,,0.6780185639,,
"74 x 70 = 5178",arithmetic,arith_train,0,,0.7190193215,,
"83 - 41 = 42",arithmetic,arith_train,1,,0.5961903649,,
"71 - 68 = 3",arithmetic,arith_train,1,,0.3803300427,,
"52 + 3 = 55",arithmetic,arith_train,1,,0.7151154556,,
"35 - 96 = -61",arithmetic,arith_train,1,,0.7424286897,,
"89 - 49 = 40",arithmetic,arith_train,1,,0.6682424205,,
"27 - 65 = -38",arithmetic,arith_train,1,,0.6314899718,,
"70 + 9 = 78",arithmetic,arith_train,0,,0.5805253870,,
"35 x 92 = 3237",arithmetic,arith_train,0,,0.7224273584,,
"85 - 15 = 82",arithmetic,arith_train,0,,0.2244362290,,
"78 - 52 = 28",arithmetic,arith_test,0,115,0.2402581051,0.0001486697,
"34 x 27 = 914",arithmetic,arith_test,0,50,0.7185182779,0.9190178221,
"41 - 14 = 44",arithmetic,arith_test,0,43,0.2461807141,0.0002530567,
"30 x 99 = 2958",arithmetic,arith_test,0,46,0.6759194783,0.0003615273,
"70 - 69 = 11",arithmetic,arith_test,0,42,0.2272125462,0.0010844670,
"60 + 28 = 88",arithmetic,arith_train,1,,0.7193611015,,
"80 x 38 = 3022",arithmetic,arith_train,0,,0.6703112309,,
"64 + 77 = 141",arithmetic,arith_train,1,,0.8593534956,,
"58 - 51 = 3",arithmetic,arith_train,0,,0.2926190314,,
"69 - 60 = 11",arithmetic,arith_train,0,,0.4148299117,,
"38 + 61 = 86",arithmetic,arith_train,0,,0.5370707645,,
"25 + 54 = 61",arithmetic,arith_train,0,,0.6005039918,,
"62 + 80 = 142",arithmetic,arith_train,1,,0.7752359505,,
"3 - 5 = -4",arithmetic,arith_train,0,,0.2309963772,,
"28 + 0 = 28",arithmetic,arith_train,1,,0.7449579623,,
"25 x 22 = 555",arithmetic,arith_train,0,,0.6003848104,,
"55 - 20 = 35",arithmetic,arith_train,1,,0.5691768338,,
"43 + 13 = 56",arithmetic,arith_train,1,,0.6607055122,,
"47 + 70 = 134",arithmetic,arith_train,0,,0.5334251601,,
"19 - 29 = -10",arithmetic,arith_train,1,,0.4786889179,,
"10 - 82 = -72",arithmetic,arith_train,1,,0.6967617859,,
"7 x 30 = 210",arithmetic,arith_train,1,,0.7596210230,,
"84 + 80 = 183",arithmetic,arith_train,0,,0.7130909925,,
"5 + 96 = 101",arithmetic,arith_train,1,,0.8167598092,,
"3 x 39 = 117",arithmetic,arith_train,1,,0.6178621455,,
"88 - 76 = 2",arithmetic,arith_test,0,47,0.4911854389,0.2066871833,
"57 + 33 = 90",arithmetic,arith_train,1,,0.7762607430,,
"19 - 34 = -15",arithmetic,arith_train,1,,0.5271620836,,
"13 + 48 = 61",arithmetic,arith_train,1,,0.7535234491,,
"14 x 87 = 1218",arithmetic,arith_train,1,,0.6982325539,,
"95 - 70 = 37",arithmetic,arith_train,0,,0.1667626444,,
"55 x 46 = 2530",arithmetic,arith_test,1,48,0.7248476092,0.9688825597,
"39 + 63 = 105",arithmetic,arith_train,0,,0.7342194620,,
"69 x 11 = 759",arithmetic,arith_test,1,90,0.7428516375,0.9905149817,
"96 x 54 = 5186",arithmetic,arith_train,0,,0.7261241504,,
"28 - 57 = -30",arithmetic,arith_test,0,14,0.3052364307,0.0000000154,
"25 - 49 = -28",arithmetic,arith_train,0,,0.2378839077,,
"93 x 6 = 558",arithmetic,arith_train,1,,0.6920321940,,
"85 - 86 = -1",arithmetic,arith_test,1,19,0.4881259731,0.9985645970,
"14 + 17 = 29",arithmetic,arith_train,0,,0.6811064556,,
"36 - 26 = 10",arithmetic,arith_train,1,,0.4578120278,,
"76 - 39 = 41",arithmetic,arith_train,0,,0.3048151638,,
"93 x 58 = 5394",arithmetic,arith_train,1,,0.7171480507,,
"73 + 60 = 133",arithmetic,arith_test,1,116,0.6621312040,0.9920779485,
"47 - 47 = 3",arithmetic,arith_train,0,,0.2336980755,,
"25 + 18 = 43",arithmetic,arith_train,1,,0.7810328596,,
"16 x 92 = 1472",arithmetic,arith_train,1,,0.6257721192,,
"49 + 71 = 129",arithmetic,arith_train,0,,0.6507076963,,
"11 + 55 = 78",arithmetic,arith_train,0,,0.5070335277,,
"97 x 62 = 6016",arithmetic,arith_train,0,,0.6667997641,,
"74 + 18 = 107",arithmetic,arith_train,0,,0.4953644442,,
"59 - 89 = -30",arithmetic,arith_train,1,,0.5669243791,,
"6 - 74 = -68",arithmetic,arith_train,1,,0.6220073875,,
"66 - 83 = -17",arithmetic,arith_train,1,,0.5377871431,,
"85 + 39 = 116",arithmetic,arith_test,0,58,0.4989988917,0.7396584624,
"95 - 74 = 21",arithmetic,arith_train,1,,0.6370544493,,
"16 x 100 = 1612",arithmetic,arith_train,0,,0.4550664504,,
"82 x 9 = 738",arithmetic,arith_test,1,97,0.7374151389,0.9711431927,
"29 x 33 = 976",arithmetic,arith_train,0,,0.4874591036,,
"77 x 26 = 2002",arithmetic,arith_train,1,,0.6580644031,,
"99 - 71 = 28",arithmetic,arith_train,1,,0.6822043440,,
"36 + 10 = 37",arithmetic,arith_test,0,88,0.4112299922,0.0003275853,
"95 - 63 = 40",arithmetic,arith_train,0,,0.3532572594,,
"31 - 9 = 22",arithmetic,arith_train,1,,0.5366646501,,
"39 x 76 = 2983",arithmetic,arith_train,0,,0.7748201657,,
"98 x 74 = 7252",arithmetic,arith_train,1,,0.7796480686,,
"26 - 53 = -27",arithmetic,arith_train,1,,0.5832831559,,
"47 x 39 = 1844",arithmetic,arith_test,0,20,0.6184391344,0.0001752510,
"72 + 76 = 146",arithmetic,arith_train,0,,0.6190411469,,
"56 - 15 = 51",arithmetic,arith_train,0,,0.5340372327,,
"86 - 100 = -16",arithmetic,arith_train,0,,0.1301662487,,
"31 + 28 = 59",arithmetic,arith_train,1,,0.6956983568,,
"75 x 88 = 6600",arithmetic,arith_train,1,,0.8021387132,,
"28 x 17 = 476",arithmetic,arith_train,1,,0.7696970251,,
"12 x 71 = 839",arithmetic,arith_train,0,,0.6814177048,,
"34 - 21 = 29",arithmetic,arith_train,0,,0.2676337410,,
"80 + 56 = 129",arithmetic,arith_train,0,,0.5184725656,,
"30 - 39 = -16",arithmetic,arith_train,0,,0.0846401406,,
"52 x 42 = 2184",arithmetic,arith_train,1,,0.7034891236,,
"19 - 9 = 1",arithmetic,arith_train,0,,0.5026833198,,
"85 + 94 = 179",arithmetic,arith_train,1,,0.8025513729,,
"42 + 11 = 53",arithmetic,arith_train,1,,0.7542373844,,
"48 - 76 = -28",arithmetic,arith_train,1,,0.5898040050,,
"35 x 58 = 2030",arithmetic,arith_test,1,49,0.7709451139,0.9819416436,
"64 + 67 = 131",arithmetic,arith_test,1,107,0.7904759718,0.7944472018,
"31 + 18 = 47",arithmetic,arith_train,0,,0.6606505066,,
"27 x 7 = 189",arithmetic,arith_train,1,,0.7700570547,,
"73 + 9 = 93",arithmetic,arith_train,0,,0.4535426098,,
"81 - 53 = 24",arithmetic,arith_train,0,,0.2758669020,,
"41 + 85 = 120",arithmetic,arith_train,0,,0.5672988505,,
"29 - 12 = 17",arithmetic,arith_train,1,,0.5006988636,,
"17 x 97 = 1633",arithmetic,arith_train,0,,0.6713980753,,
"8 + 86 = 94",arithmetic,arith_train,1,,0.5958377840,,
"48 + 43 = 107",arithmetic,arith_train,0,,0.6292102544,,
"58 x 32 = 1857",arithmetic,arith_test,0,80,0.5470335744,0.0000002525,
"16 x 55 = 882",arithmetic,arith_train,0,,0.5493771696,,
"96 x 34 = 3264",arithmetic,arith_train,1,,0.7528758692,,
"62 x 8 = 496",arithmetic,arith_train,1,,0.7729048540,,
"69 - 90 = -21",arithmetic,arith_test,1,5,0.5552436396,0.9692475818,
"17 - 8 = -5",arithmetic,arith_train,0,,0.5113580303,,
"47 x 8 = 376",arithmetic,arith_train,1,,0.5725703199,,
"45 + 64 = 99",arithmetic,arith_train,0,,0.6435343095,,
"36 - 20 = 16",arithmetic,arith_train,1,,0.5927796363,,
"77 x 77 = 5929",arithmetic,arith_test,1,30,0.8292866114,0.9614031217,
"78 x 5 = 373",arithmetic,arith_train,0,,0.4118343540,,
"70 + 12 = 82",arithmetic,arith_train,1,,0.7453129180,,
"0 - 49 = -49",arithmetic,arith_train,1,,0.2701625963,,
"2 x 97 = 194",arithmetic,arith_train,1,,0.6244890172,,
"54 - 88 = -19",arithmetic,arith_train,0,,0.3321421049,,
"85 - 82 = 3",arithmetic,arith_train,1,,0.4473765549,,
"49 - 78 = -21",arithmetic,arith_test,0,102,0.3241915461,0.0000107802,
"17 x 59 = 1003",arithmetic,arith_train,1,,0.7781260964,,
"72 x 97 = 6999",arithmetic,arith_train,0,,0.7350420817,,
"24 - 36 = -10",arithmetic,arith_test,0,11,0.1696872972,0.0000000098,
"40 x 27 = 1080",arithmetic,arith_train,1,,0.7457059333,,
"12 + 56 = 85",arithmetic,arith_train,0,,0.5995992503,,
"23 x 63 = 1433",arithmetic,arith_train,0,,0.6620037027,,
"43 x 26 = 1118",arithmetic,arith_train,1,,0.7546660176,,
"79 x 46 = 3634",arithmetic,arith_train,1,,0.7380397241,,
"81 x 33 = 2673",arithmetic,arith_train,1,,0.7286050648,,
"62 + 32 = 94",arithmetic,arith_train,1,,0.6309414894,,
"91 x 37 = 3358",arithmetic,arith_train,0,,0.6788355617,,
"63 + 14 = 85",arithmetic,arith_train,0,,0.6351770021,,
"45 x 28 = 1267",arithmetic,arith_train,0,,0.5810823888,,
"31 x 74 = 2294",arithmetic,arith_train,1,,0.7379326267,,
"78 - 68 = 10",arithmetic,arith_train,1,,0.4365291916,,
"91 + 25 = 116",arithmetic,arith_train,1,,0.7172503667,,
"100 - 64 = 35",arithmetic,arith_train,0,,0.4202529307,,
"47 x 59 = 2778",arithmetic,arith_train,0,,0.7734502552,,
"75 - 54 = 40",arithmetic,arith_test,0,84,0.2804552573,0.0000122106,
"23 x 88 = 2030",arithmetic,arith_test,0,79,0.6347073331,0.0045783187,
"77 x 23 = 1761",arithmetic,arith_train,0,,0.7664267486,,
"59 x 55 = 3245",arithmetic,arith_train,1,,0.8270255502,,
"62 + 71 = 149",arithmetic,arith_train,0,,0.6388320029,,
"54 - 70 = -16",arithmetic,arith_train,1,,0.5249182407,,
"62 + 57 = 116",arithmetic,arith_train,0,,0.6337449623,,
"100 - 5 = 95",arithmetic,arith_train,1,,0.7253000087,,
"3 - 49 = -46",arithmetic,arith_train,1,,0.7110194338,,
"52 - 41 = 11",arithmetic,arith_train,1,,0.5630420978,,
"39 + 23 = 73",arithmetic,arith_train,0,,0.5827624137,,
"79 + 19 = 98",arithmetic,arith_train,1,,0.6900771845,,
"99 + 52 = 162",arithmetic,arith_test,0,99,0.5117008979,0.0000005372,
"80 + 77 = 151",arithmetic,arith_train,0,,0.6785831809,,
"82 + 18 = 96",arithmetic,arith_train,0,,0.5695095322,,
"98 - 35 = 63",arithmetic,arith_train,1,,0.7348640625,,
"67 - 46 = 32",arithmetic,arith_train,0,,0.1997979484,,
"37 x 2 = 61",arithmetic,arith_train,0,,0.3885076349,,
"92 x 84 = 7723",arithmetic,arith_train,0,,0.6509867415,,
"19 + 34 = 50",arithmetic,arith_train,0,,0.4875223995,,
"86 + 39 = 125",arithmetic,arith_test,1,73,0.7346832501,0.9875392990,
"6 - 6 = 16",arithmetic,arith_train,0,,0.2779039431,,
"1 x 85 = 85",arithmetic,arith_train,1,,0.5506763374,,
"47 + 97 = 144",arithmetic,arith_train,1,,0.7256876150,,
"64 + 19 = 68",arithmetic,arith_train,0,,0.5216182775,,
"12 x 91 = 1103",arithmetic,arith_train,0,,0.6864975381,,
"33 + 6 = 53",arithmetic,arith_train,0,,0.3907017116,,
"94 x 21 = 1974",arithmetic,arith_train,1,,0.7111808122,,
"65 + 75 = 155",arithmetic,arith_train,0,,0.5931991751,,
"90 x 54 = 4860",arithmetic,arith_train,1,,0.8472353665,,
"70 - 91 = -8",arithmetic,arith_train,0,,0.2261140512,,
"38 + 10 = 52",arithmetic,arith_test,0,52,0.5610188118,0.0097939657,
"96 + 79 = 172",arithmetic,arith_train,0,,0.6552733218,,
"15 + 48 = 63",arithmetic,arith_test,1,16,0.7707606340,0.9966177025,
"64 x 39 = 2496",arithmetic,arith_test,1,111,0.6762450470,0.9807348974,
"90 - 28 = 79",arithmetic,arith_train,0,,0.4066466469,,
"93 + 31 = 124",arithmetic,arith_test,1,55,0.7525708243,0.9990472159,
"53 x 68 = 3604",arithmetic,arith_train,1,,0.8454941401,,
"35 + 5 = 40",arithmetic,arith_test,1,114,0.5640590856,0.9980145869,
"86 x 96 = 8261",arithmetic,arith_test,0,76,0.7847151025,0.0020671673,
"42 + 34 = 64",arithmetic,arith_train,0,,0.3875778147,,
"29 + 28 = 57",arithmetic,arith_train,1,,0.7979033680,,
"83 x 89 = 7374",arithmetic,arith_train,0,,0.6617384222,,
"67 x 32 = 2144",arithmetic,arith_train,1,,0.7569958591,,
"81 x 35 = 2835",arithmetic,arith_train,1,,0.7671979629,,
"16 x 60 = 960",arithmetic,arith_train,1,,0.7421910617,,
"83 - 86 = 7",arithmetic,arith_test,0,21,0.1503095384,0.0005352523,
"46 - 20 = 26",arithmetic,arith_train,1,,0.4301224593,,
"5 x 6 = 40",arithmetic,arith_train,0,,0.5783513141,,
"56 + 9 = 76",arithmetic,arith_train,0,,0.4252918235,,
"93 x 100 = 9300",arithmetic,arith_train,1,,0.8691773828,,
"97 + 96 = 209",arithmetic,arith_train,0,,0.5279104844,,
"78 x 48 = 3736",arithmetic,arith_train,0,,0.7463950282,,
"77 + 33 = 110",arithmetic,arith_train,1,,0.7450609783,,
"36 - 49 = -2",arithmetic,arith_train,0,,0.2310177141,,
"40 - 91 = -39",arithmetic,arith_train,0,,0.3364895680,,
"82 x 98 = 8045",arithmetic,arith_train,0,,0.7895606351,,
"5 - 52 = -39",arithmetic,arith_train,0,,0.4882775928,,
"81 - 51 = 47",arithmetic,arith_train,0,,0.3293879393,,
"65 + 73 = 133",arithmetic,arith_train,0,,0.6421184377,,
"6 - 30 = -44",arithmetic,arith_test,0,82,0.4586561894,0.0002425852,
"70 - 4 = 63",arithmetic,arith_train,0,,0.3875245529,,
"51 + 88 = 149",arithmetic,arith_train,0,,0.6830828224,,
"8 - 81 = -63",arithmetic,arith_train,0,,0.4624616615,,
"30 + 20 = 50",arithmetic,arith_train,1,,0.7080999888,,
"33 + 84 = 111",arithmetic,arith_train,0,,0.5853592409,,
"34 x 64 = 2160",arithmetic,arith_train,0,,0.6953069477,,
"17 + 33 = 50",arithmetic,arith_train,1,,0.6907807998,,
"2 + 45 = 35",arithmetic,arith_train,0,,0.3827848912,,
"42 + 98 = 140",arithmetic,arith_train,1,,0.6947875639,,
"39 - 95 = -64",arithmetic,arith_test,0,119,0.3801084171,0.0000002378,
"61 + 80 = 136",arithmetic,arith_train,0,,0.5727898405,,
"67 x 66 = 4416",arithmetic,arith_train,0,,0.7223344798,,
"62 - 11 = 39",arithmetic,arith_train,0,,0.4365153528,,
"78 x 83 = 6474",arithmetic,arith_test,1,103,0.7675316507,0.9059291848,
"27 x 72 = 1944",arithmetic,arith_train,1,,0.6987596453,,
"74 - 51 = 23",arithmetic,arith_train,1,,0.4014226844,,
"63 x 50 = 3150",arithmetic,arith_train,1,,0.8338417989,,
"10 + 47 = 56",arithmetic,arith_test,0,53,0.5087290896,0.0005428375,
"82 + 45 = 114",arithmetic,arith_test,0,72,0.5890900082,0.0030123864,
"The capital of Syria is Kabul",capital,capitals,0,0,0.6517039257,0.0000000000,0.0022474105
"The capital of Egypt is Gaborone",capital,capitals,0,1,0.6035117013,0.0000000000,0.0000118228
"The capital of Mongolia is Cairo",capital,capitals,0,2,0.6684102472,0.0000000003,0.0000804784
"The capital of Belarus is Lima",capital,capitals,0,3,0.7080920578,0.0000000000,0.0000600321
"The capital of Lithuania is Maputo",capital,capitals,0,4,0.6416652031,0.0000000000,0.0000507215
"The capital of Paraguay is Asuncion",capital,capitals,1,5,0.7833413336,0.9909329479,0.9998623712
"The capital of Croatia is Nouakchott",capital,capitals,0,6,0.6365928832,0.0000000000,0.0004116444
"The capital of Zambia is Lusaka",capital,capitals,1,7,0.8032322416,0.9985697986,0.9986776678
"The capital of Benin is Yaounde",capital,capitals,0,8,0.6478187719,0.0000000000,0.2515911913
"The capital of Thailand is Bangkok",capital,capitals,1,9,0.6824547632,0.9968219733,0.9992468659
"The capital of Estonia is Jerusalem",capital,capitals,0,10,0.6991609314,0.0000000000,0.0000064078
"The capital of Sweden is Stockholm",capital,capitals,1,11,0.7338735205,0.9960421333,0.9993124535
"The capital of Serbia is Amsterdam",capital,capitals,0,12,0.5674248699,0.0000000000,0.0000323836
"The capital of Honduras is Tegucigalpa",capital,capitals,1,13,0.8052675942,0.9968437788,0.9933053921
"The capital of Iraq is Ljubljana",capital,capitals,0,14,0.7617259781,0.0000754302,0.0100887423
"The capital of Peru is Panama City",capital,capitals,0,15,0.6285108962,0.0000000000,0.0022238471
"The capital of Turkey is Kigali",capital,capitals,0,16,0.6441039711,0.0000000000,0.0003066153
"The capital of Senegal is Canberra",capital,capitals,0,17,0.7296805040,0.0000000000,0.0000345229
"The capital of Mongolia is Ulaanbaatar",capital,capitals,1,18,0.7069694428,0.9995910298,0.9997915636
"The capital of Cambodia is Phnom Penh",capital,capitals,1,19,0.7963644944,0.9988221273,0.9968901651
"The capital of Afghanistan is Kabul",capital,capitals,1,20,0.7853515649,0.9958338327,0.9999011178
"The capital of Armenia is Stockholm",capital,capitals,0,21,0.6387710211,0.0000000000,0.0001403457
"The capital of Laos is Panama City",capital,capitals,0,22,0.6282013385,0.0000000000,0.0002505352
"The capital of Ghana is San Jose",capital,capitals,0,23,0.4887408982,0.0000000000,0.0000173408
"The capital of Ecuador is Maputo",capital,capitals,0,24,0.7231887556,0.0000000000,0.0002038636
"The capital of Bangladesh is Mogadishu",capital,capitals,0,25,0.7001733319,0.0000000001,0.0458890534
"The capital of Eswatini is Mbabane",capital,capitals,1,26,0.5219137436,0.0000000000,0.9561232452
"The capital of Slovenia is Singapore",capital,capitals,0,27,0.5375652171,0.0000000000,0.0000001822
"The capital of Guinea is Harare",capital,capitals,0,28,0.6982093862,0.0000001557,0.0009271445
"The capital of China is Beijing",capital,capitals,1,29,0.7643057734,0.9997336209,0.9996879530
"The capital of Costa Rica is Oslo",capital,capitals,0,30,0.7090833082,0.0000000000,0.0005964378
"The capital of Moldova is Chisinau",capital,capitals,1,31,0.7931849890,0.9988577379,0.9970212263
"The capital of Guatemala is Tallinn",capital,capitals,0,32,0.8102404801,0.0000696070,0.0000874762
"The capital of Bulgaria is Kuala Lumpur",capital,capitals,0,33,0.6502902238,0.0000000000,0.0002346602
"The capital of Tunisia is Tunis",capital,capitals,1,34,0.7616431551,0.9998374113,0.9997657204
"The capital of Malaysia is Kuala Lumpur",capital,capitals,1,35,0.7077055178,0.9987869725,0.9999399015
"The capital of Cyprus is Bishkek",capital,capitals,0,36,0.6548665751,0.0000000000,0.0000218254
"The capital of Haiti is Port-au-Prince",capital,capitals,1,37,0.8166305398,0.9860169304,0.9985808329
"The capital of Ukraine is Porto-Novo",capital,capitals,0,38,0.4995937838,0.0000000000,0.0000154659
"The capital of Slovakia is Colombo",capital,capitals,0,39,0.6997614707,0.0000000000,0.0002017803
"The capital of South Africa is Pretoria",capital,capitals,1,40,0.4921820156,0.0204938165,0.9959299957
"The capital of China is Havana",capital,capitals,0,41,0.7043347544,0.0000000000,0.0078715560
"The capital of Kazakhstan is Astana",capital,capitals,1,42,0.6337925448,0.0001920500,0.9714672887
"The capital of Hungary is Budapest",capital,capitals,1,43,0.7531816757,0.9999984224,0.9992946738
"The capital of Kuwait is Kuwait City",capital,capitals,1,44,0.6470151244,0.9999997615,0.9999089597
"The capital of South Korea is Stockholm",capital,capitals,0,45,0.7267897007,0.0000000000,0.0475632269
"The capital of Israel is Tallinn",capital,capitals,0,46,0.7724673219,0.0674923201,0.0023050382
"The capital of Montenegro is Podgorica",capital,capitals,1,47,0.7407350420,0.9971276876,0.9973533878
"The capital of Canada is Tallinn",capital,capitals,0,48,0.7251633169,0.0044874402,0.0048773950
"The capital of Bhutan is Thimphu",capital,capitals,1,49,0.7861317957,0.9997786974,0.9984627105
"The capital of Ireland is Dublin",capital,capitals,1,50,0.7831496298,0.9889372201,0.9982370202
"The capital of Mali is Caracas",capital,capitals,0,51,0.6045293036,0.0000000000,0.0000130097
"The capital of Libya is Tripoli",capital,capitals,1,52,0.8020447015,0.9943907249,0.9885770940
"The capital of Thailand is Georgetown",capital,capitals,0,53,0.6105350938,0.0000000000,0.0076601328
"The capital of Belgium is Brussels",capital,capitals,1,54,0.7462527493,0.9328613993,0.9999477001
"The capital of Montenegro is Tehran",capital,capitals,0,55,0.8272972102,0.0000000179,0.0007439576
"The capital of Nepal is Moscow",capital,capitals,0,56,0.7951975223,0.0000000323,0.0133806040
"The capital of Bolivia is Skopje",capital,capitals,0,57,0.7571587572,0.0000000012,0.0002395965
"The capital of Botswana is Gaborone",capital,capitals,1,58,0.8049494483,0.9931113204,0.9997147004
"The capital of Gabon is La Paz",capital,capitals,0,59,0.6722402060,0.0000000000,0.0014632848
"The capital of Latvia is Hanoi",capital,capitals,0,60,0.6214502438,0.0000000000,0.0001148224
"The capital of Cameroon is Seoul",capital,capitals,0,61,0.7366722275,0.0000000047,0.0082336023
"The capital of Portugal is Lisbon",capital,capitals,1,62,0.8153437242,0.9991073110,0.9994962305
"The capital of Turkmenistan is Ashgabat",capital,capitals,1,63,0.7928560756,0.9998212522,0.9932452713
"The capital of Poland is Warsaw",capital,capitals,1,64,0.7397452170,0.9959398444,0.9996670025
"The capital of Japan is Sarajevo",capital,capitals,0,65,0.6681850182,0.0000001238,0.0052815413
"The capital of Luxembourg is Luxembourg City",capital,capitals,1,66,0.5424356952,0.9999991030,0.9994748269
"The capital of Chad is Guatemala City",capital,capitals,0,67,0.5707411338,0.0000000000,0.0000550588
"The capital of Lithuania is Vilnius",capital,capitals,1,68,0.7678318560,0.9995379010,0.9994015460
"The capital of Qatar is Buenos Aires",capital,capitals,0,69,0.7522932750,0.0000000630,0.0147905560
"The capital of Panama is Abuja",capital,capitals,0,70,0.6752667479,0.0000000004,0.0003127760
"The capital of Iceland is Reykjavik",capital,capitals,1,71,0.8029129269,0.9705521885,0.9995645299
"The capital of Yemen is Kingston",capital,capitals,0,72,0.6396381669,0.0000000000,0.0026375219
"The capital of Ghana is Accra",capital,capitals,1,73,0.7383491729,0.9948755061,0.9994138585
"The capital of Georgia is Windhoek",capital,capitals,0,74,0.5884478453,0.0000000039,0.0016576367
"The capital of India is New Delhi",capital,capitals,1,75,0.7640512497,0.6685933984,0.9982616282
"The capital of Oman is Muscat",capital,capitals,1,76,0.7316469701,0.9998707255,0.9997273393
"The capital of Argentina is Montevideo",capital,capitals,0,77,0.8069713874,0.0048787725,0.3776498104
"The capital of Kuwait is Caracas",capital,capitals,0,78,0.6755033997,0.0000000000,0.0001853500
"The capital of Iran is Tehran",capital,capitals,1,79,0.8360615470,0.9997626858,0.9999080204
"The capital of South Africa is Copenhagen",capital,capitals,0,80,0.6995248080,0.0000000000,0.0112124162
"The capital of Lesotho is Maseru",capital,capitals,1,81,0.8064947338,0.9992365675,0.9938979423
"The capital of Australia is Canberra",capital,capitals,1,82,0.7344446635,0.9597260260,0.9997935278
"The capital of Liberia is Bratislava",capital,capitals,0,83,0.7514282797,0.0000000011,0.0003089831
"The capital of Honduras is Lisbon",capital,capitals,0,84,0.6771144153,0.0000000000,0.0058685016
"The capital of Syria is Damascus",capital,capitals,1,85,0.7846310257,0.9998702795,0.9964822202
"The capital of Oman is Amsterdam",capital,capitals,0,86,0.5941520273,0.0000000000,0.0002432111
"The capital of Malta is Valletta",capital,capitals,1,87,0.7427669915,0.9933868267,0.9950470380
"The capital of Namibia is Windhoek",capital,capitals,1,88,0.8145027361,0.9998598058,0.9996282332
"The capital of Malaysia is Riyadh",capital,capitals,0,89,0.7377660983,0.0000000000,0.0280812926
"The capital of Liberia is Monrovia",capital,capitals,1,90,0.7260573803,0.9994394221,0.9976504429
"The capital of Mali is Bamako",capital,capitals,1,91,0.7545900482,0.9658803722,0.9933175855
"The capital of Zambia is Apia",capital,capitals,0,92,0.6725932983,0.0000000940,0.0013805796
"The capital of Algeria is Kathmandu",capital,capitals,0,93,0.7158698406,0.0000000150,0.0404997510
"The capital of Netherlands is Amsterdam",capital,capitals,1,94,0.6699496949,0.0002493393,0.9980207488
"The capital of Papua New Guinea is Berlin",capital,capitals,0,95,0.7367067252,0.0000000001,0.0004709852
"The capital of Cuba is Havana",capital,capitals,1,96,0.7484332257,0.9615631456,0.9970611153
"The capital of Egypt is Cairo",capital,capitals,1,97,0.7215050530,0.9999763575,0.9962510705
"The capital of Canada is Ottawa",capital,capitals,1,98,0.7409721487,0.9999913613,0.9990585808
"The capital of Fiji is Seoul",capital,capitals,0,99,0.7589864256,0.0000000052,0.0054609144
"The capital of El Salvador is San Salvador",capital,capitals,1,100,0.7413475172,0.9981335629,0.9986253087
"The capital of Hungary is Gitega",capital,capitals,0,101,0.4673846546,0.0000000000,0.0000023116
"The capital of Argentina is Buenos Aires",capital,capitals,1,102,0.7709728034,0.9918612494,0.9979797899
"The capital of Sri Lanka is Colombo",capital,capitals,1,103,0.6497865181,0.0000000040,0.8672573115
"The capital of Djibouti is Djibouti",capital,capitals,1,104,0.3585478911,0.1269387803,0.7880652224
"The capital of Slovakia is Bratislava",capital,capitals,1,105,0.7125742408,0.9997831093,0.9991625864
"The capital of Namibia is Doha",capital,capitals,0,106,0.6556829381,0.0000000000,0.0039214488
"The capital of Italy is Canberra",capital,capitals,0,107,0.5321618348,0.0000000000,0.0045325872
"The capital of Benin is Porto-Novo",capital,capitals,1,108,0.2525525922,0.0000000000,0.9526107831
"The capital of Uzbekistan is Vienna",capital,capitals,0,109,0.6972893853,0.0000000061,0.0059308103
"The capital of Belgium is Lima",capital,capitals,0,110,0.7045182856,0.0000000008,0.0022316064
"The capital of Albania is Tirana",capital,capitals,1,111,0.7854332272,0.4057841818,0.9997885673
"The capital of Algeria is Algiers",capital,capitals,1,112,0.7488272176,0.9995209254,0.9996166260
"The capital of Portugal is Gaborone",capital,capitals,0,113,0.5772570008,0.0000000000,0.0000053558
"The capital of Madagascar is Antananarivo",capital,capitals,1,114,0.8642839184,0.9887147027,0.9988663026
"The capital of Bulgaria is Sofia",capital,capitals,1,115,0.7960481809,0.9757993449,0.9732147221
"The capital of United States is Baku",capital,capitals,0,116,0.7323695249,0.0000000236,0.0002046316
"The capital of Jamaica is Yaounde",capital,capitals,0,117,0.6578914125,0.0000000012,0.0124142880
"The capital of Libya is Dodoma",capital,capitals,0,118,0.6170336520,0.0000000000,0.0022888401
"The capital of Cuba is Mbabane",capital,capitals,0,119,0.6420498921,0.0000000000,0.0000265590
"The capital of Samoa is Baku",capital,capitals,0,120,0.6456737962,0.0000000000,0.0000396346
"The capital of Pakistan is Islamabad",capital,capitals,1,121,0.7956651765,0.9560052586,0.9988054171
"The capital of Guinea is Conakry",capital,capitals,1,122,0.8069913652,0.9890479270,0.9977172228
"The capital of Haiti is Brussels",capital,capitals,0,123,0.6497230692,0.0000000000,0.0000344480
"The capital of United Arab Emirates is Washington",capital,capitals,0,124,0.5287786790,0.0007736032,0.0150590420
"The capital of Ivory Coast is Cairo",capital,capitals,0,125,0.6649115267,0.0000000002,0.0004395478
"The capital of Dominican Republic is Chisinau",capital,capitals,0,126,0.7275151058,0.0000000587,0.0000817948
"The capital of Serbia is Belgrade",capital,capitals,1,127,0.7512815752,0.9996170656,0.9998947231
"The capital of Kyrgyzstan is Bishkek",capital,capitals,1,128,0.8308821341,0.9997849596,0.9930893528
"The capital of El Salvador is Reykjavik",capital,capitals,0,129,0.7320225599,0.0000000042,0.0008140222
"The capital of Mauritania is Nouakchott",capital,capitals,1,130,0.8368818019,0.9974572143,0.9906179341
"The capital of Togo is Lome",capital,capitals,1,131,0.7268980682,0.9977403604,0.9990271475
"The capital of Myanmar is Canberra",capital,capitals,0,132,0.7026127502,0.0000000019,0.0035063722
"The capital of Angola is Pretoria",capital,capitals,0,133,0.6568895845,0.0000000000,0.0539322354
"The capital of Uruguay is Conakry",capital,capitals,0,134,0.5816357785,0.0000000000,0.0029436112
"The capital of Mauritania is Caracas",capital,capitals,0,135,0.6042515719,0.0000000000,0.0000269735
"The capital of Russia is Niamey",capital,capitals,0,136,0.6494763047,0.0000001212,0.0031729290
"The capital of Austria is Tegucigalpa",capital,capitals,0,137,0.6489980392,0.0000040183,0.0018134904
"The capital of Burundi is Ulaanbaatar",capital,capitals,0,138,0.5780372533,0.0000000000,0.0000422214
"The capital of Sierra Leone is Freetown",capital,capitals,1,139,0.8314557228,0.9997613109,0.9989190909
"The capital of Tajikistan is Dushanbe",capital,capitals,1,140,0.8053543915,0.9983739566,0.9976426234
"The capital of Azerbaijan is Ulaanbaatar",capital,capitals,0,141,0.6244667523,0.0000000017,0.0037071202
"The capital of Burkina Faso is Antananarivo",capital,capitals,0,142,0.6694182118,0.0000000000,0.0012120474
"The capital of Panama is Panama City",capital,capitals,1,143,0.6606511155,0.9999989016,0.9998754141
"The capital of Mexico is Maseru",capital,capitals,0,144,0.6282717254,0.0000000000,0.0000112072
"The capital of Eritrea is Ouagadougou",capital,capitals,0,145,0.7610787424,0.0000001302,0.0019000545
"The capital of Bahrain is Manama",capital,capitals,1,146,0.7382130659,0.9734878268,0.9998458146
"The capital of Uruguay is Montevideo",capital,capitals,1,147,0.8338974998,0.9977576443,0.9990930770
"The capital of Pakistan is Dakar",capital,capitals,0,148,0.6837727291,0.0000000052,0.0043800294
"The capital of Israel is Jerusalem",capital,capitals,1,149,0.7955558576,0.9966684318,0.9986351080
"The capital of United Kingdom is London",capital,capitals,1,150,0.7484638507,0.9717073516,0.9968971682
"The capital of Dominican Republic is Santo Domingo",capital,capitals,1,151,0.8188984673,0.9968176757,0.9936446229
"The capital of Somalia is Yerevan",capital,capitals,0,152,0.6873170885,0.0000000001,0.0002174404
"The capital of Malawi is Lilongwe",capital,capitals,1,153,0.8038106575,0.9954445637,0.9989428098
"The capital of Bahamas is Asuncion",capital,capitals,0,154,0.6250818877,0.0000000000,0.1652129643
"The capital of Vietnam is Abu Dhabi",capital,capitals,0,155,0.6218108112,0.0000000000,0.0002191415
"The capital of Bhutan is Pretoria",capital,capitals,0,156,0.7378202155,0.0000000000,0.0000953001
"The capital of Kazakhstan is Naypyidaw",capital,capitals,0,157,0.4203891612,0.0000000000,0.0000009440
"The capital of Burundi is Gitega",capital,capitals,1,158,0.6572040177,0.9820760123,0.9948690776
"The capital of Czech Republic is Prague",capital,capitals,1,159,0.8111005872,0.9263370755,0.9963257262
"The capital of North Korea is Riga",capital,capitals,0,160,0.7542286933,0.0000029973,0.0006911117
"The capital of Bosnia and Herzegovina is Sarajevo",capital,capitals,1,161,0.6612233274,0.9999963664,0.9943485826
"The capital of Zimbabwe is Harare",capital,capitals,1,162,0.7837587810,0.9963717823,0.9977662896
"The capital of Lebanon is Monrovia",capital,capitals,0,163,0.6003843736,0.0000000000,0.0036998552
"The capital of Cambodia is Riga",capital,capitals,0,164,0.7247322181,0.0000000001,0.0000291705
"The capital of Belarus is Minsk",capital,capitals,1,165,0.8175636242,0.9911009845,0.9991281380
"The capital of Cyprus is Nicosia",capital,capitals,1,166,0.7344992093,0.9946750363,0.9361091446
"The capital of Guyana is Tehran",capital,capitals,0,167,0.7110200548,0.0000000000,0.0001589372
"The capital of Madagascar is Hanoi",capital,capitals,0,168,0.6722879576,0.0000000017,0.0008814440
"The capital of Ecuador is Quito",capital,capitals,1,169,0.7628113206,0.9988238350,0.9966080939
"The capital of Malta is Riyadh",capital,capitals,0,170,0.7924930846,0.0000000001,0.0015896437
"The capital of Cameroon is Yaounde",capital,capitals,1,171,0.8265559690,0.9708074803,0.9998985781
"The capital of Chile is Yamoussoukro",capital,capitals,0,172,0.5209639849,0.0000000000,0.0000073597
"The capital of Sweden is Valletta",capital,capitals,0,173,0.5910714710,0.0000000000,0.0009869605
"The capital of Bahamas is Nassau",capital,capitals,1,174,0.7247370434,0.9993504975,0.9989347655
"The capital of Sierra Leone is Dhaka",capital,capitals,0,175,0.6125149954,0.0000000000,0.0000442408
"The capital of Bangladesh is Dhaka",capital,capitals,1,176,0.7936728586,0.9967217745,0.9998189845
"The capital of Albania is Niamey",capital,capitals,0,177,0.6934979964,0.0000116070,0.0042783093
"The capital of Tanzania is New Delhi",capital,capitals,0,178,0.5991940714,0.0000000000,0.0039756294
"The capital of Papua New Guinea is Port Moresby",capital,capitals,1,179,0.7944385920,0.9999293489,0.9991683941
"The capital of Philippines is Manila",capital,capitals,1,180,0.7796604893,0.0388702418,0.9828822534
"The capital of Netherlands is Apia",capital,capitals,0,181,0.7209230044,0.0000002650,0.0000223817
"The capital of Eritrea is Asmara",capital,capitals,1,182,0.7592523725,0.9128201686,0.9924560269
"The capital of Kenya is Nairobi",capital,capitals,1,183,0.8125987833,0.9948728171,0.9995656028
"The capital of Bolivia is La Paz",capital,capitals,1,184,0.4864674634,0.0924638665,0.9989748154
"The capital of Samoa is Apia",capital,capitals,1,185,0.7690731015,0.9980391280,0.9992191855
"The capital of France is Paris",capital,capitals,1,186,0.8254413990,0.9993887371,0.9990077835
"The capital of Bahrain is Antananarivo",capital,capitals,0,187,0.7067044927,0.0000000017,0.0069077343
"The capital of France is Ashgabat",capital,capitals,0,188,0.6864182835,0.0000006328,0.0063298209
"The capital of Paraguay is Yerevan",capital,capitals,0,189,0.7291471106,0.0000000231,0.0011987212
"The capital of Germany is Panama City",capital,capitals,0,190,0.5855131927,0.0000000000,0.0013975790
"The capital of Uzbekistan is Tashkent",capital,capitals,1,191,0.8103901596,0.9915634696,0.9976334367
"The capital of Germany is Berlin",capital,capitals,1,192,0.7923612020,0.9967331635,0.9993345524
"The capital of Mexico is Mexico City",capital,capitals,1,193,0.6680669310,0.9999788565,0.9998317805
"The capital of Japan is Tokyo",capital,capitals,1,194,0.7803719419,0.9999947227,0.9999063141
"The capital of Tanzania is Dodoma",capital,capitals,1,195,0.4920490339,0.0000000000,0.9994073295
"The capital of Togo is Prague",capital,capitals,0,196,0.7746211713,0.0000000000,0.0000260040
"The capital of New Zealand is Mexico City",capital,capitals,0,197,0.6333158511,0.0000000000,0.0005083616
"The capital of Rwanda is Kigali",capital,capitals,1,198,0.8177835896,0.9997044594,0.9987596273
"The capital of Moldova is Moscow",capital,capitals,0,199,0.6324392546,0.0000000000,0.0052647087
"The capital of Luxembourg is Tbilisi",capital,capitals,0,200,0.7829550602,0.0003164720,0.0045204871
"The capital of Laos is Vientiane",capital,capitals,1,201,0.7820699760,0.9996051955,0.9992387845
"The capital of Saudi Arabia is Riyadh",capital,capitals,1,202,0.8187816396,0.9994136638,0.9995523424
"The capital of Czech Republic is Suva",capital,capitals,0,203,0.5206187696,0.0000000000,0.0000029075
"The capital of Armenia is Yerevan",capital,capitals,1,204,0.7928118281,0.9998103335,0.9946628712
"The capital of Morocco is Bamako",capital,capitals,0,205,0.5518911603,0.0000000000,0.0000123477
"The capital of Guatemala is Guatemala City",capital,capitals,1,206,0.6693784986,0.9999969080,0.9998982923
"The capital of Ivory Coast is Yamoussoukro",capital,capitals,1,207,0.3762762196,0.0000000073,0.9908379155
"The capital of Chad is N'Djamena",capital,capitals,1,208,0.8032359820,0.9943638655,0.9885083323
"The capital of Morocco is Rabat",capital,capitals,1,209,0.7200860961,0.9994801731,0.9973853155
"The capital of Gabon is Libreville",capital,capitals,1,210,0.8064598907,0.9984385932,0.9993331111
"The capital of United Kingdom is Lome",capital,capitals,0,211,0.7188840974,0.0000000049,0.0001281402
"The capital of Lesotho is Conakry",capital,capitals,0,212,0.6827308106,0.0000000057,0.0029739673
"The capital of Vietnam is Hanoi",capital,capitals,1,213,0.7198101930,0.9999323155,0.9998966229
"The capital of India is Riga",capital,capitals,0,214,0.7841675888,0.0000071061,0.0011688421
"The capital of Singapore is Belgrade",capital,capitals,0,215,0.7743091099,0.0000001528,0.0088457279
"The capital of Saudi Arabia is Djibouti",capital,capitals,0,216,0.8048337117,0.0000005521,0.0122035453
"The capital of Kenya is Pyongyang",capital,capitals,0,217,0.7604413813,0.0000000000,0.0002146204
"The capital of Switzerland is Moscow",capital,capitals,0,218,0.7573093334,0.0000000059,0.0053459814
"The capital of Spain is Tunis",capital,capitals,0,219,0.6541841991,0.0000000000,0.0000850327
"The capital of South Korea is Seoul",capital,capitals,1,220,0.7884811643,0.9999866808,0.9999041290
"The capital of Singapore is Singapore",capital,capitals,1,221,0.6003093512,0.7119500626,0.9972192173
"The capital of Australia is Riga",capital,capitals,0,222,0.7490316879,0.0000000168,0.0019370240
"The capital of Finland is Helsinki",capital,capitals,1,223,0.7595810417,0.9999895560,0.9990742833
"The capital of Costa Rica is San Jose",capital,capitals,1,224,0.7840439331,0.9948604520,0.9948081803
"The capital of Venezuela is Gitega",capital,capitals,0,225,0.4973292546,0.0000000000,0.0000017239
"The capital of Djibouti is La Paz",capital,capitals,0,226,0.6469738671,0.0000000000,0.0005113303
"The capital of Ethiopia is Brasilia",capital,capitals,0,227,0.6496205139,0.0000000000,0.0000069568
"The capital of Italy is Rome",capital,capitals,1,228,0.7560799810,0.9992054577,0.9955239983
"The capital of Georgia is Tbilisi",capital,capitals,1,229,0.7595924745,0.9967109682,0.9980709781
"The capital of Ireland is Luanda",capital,capitals,0,230,0.6817527675,0.0000000016,0.0005792060
"The capital of Denmark is Copenhagen",capital,capitals,1,231,0.7433015311,0.9999481773,0.9999650371
"The capital of Jamaica is Kingston",capital,capitals,1,232,0.7921314115,0.9988883103,0.9998154155
"The capital of Zimbabwe is Lima",capital,capitals,0,233,0.7088625667,0.0000000000,0.0001380607
"The capital of Botswana is Abu Dhabi",capital,capitals,0,234,0.5693208987,0.0000000000,0.0000982750
"The capital of Kyrgyzstan is Reykjavik",capital,capitals,0,235,0.7566193443,0.0000359783,0.0090683918
"The capital of Iran is Nicosia",capital,capitals,0,236,0.6293216690,0.0000000001,0.0018561316
"The capital of United States is Washington",capital,capitals,1,237,0.4800239480,0.9930746534,0.9751735691
"The capital of Sri Lanka is Abuja",capital,capitals,0,238,0.7596712380,0.0000300269,0.0012660063
"The capital of North Macedonia is Tirana",capital,capitals,0,239,0.7254299103,0.0000000146,0.0199043377
"The capital of United Arab Emirates is Abu Dhabi",capital,capitals,1,240,0.6738266072,0.7535066414,0.9997622182
"The capital of Poland is Yaounde",capital,capitals,0,241,0.7455763894,0.0000104507,0.0135091800
"The capital of Denmark is Harare",capital,capitals,0,242,0.7078809923,0.0000000111,0.0000241136
"The capital of Norway is Lusaka",capital,capitals,0,243,0.6811821208,0.0000000164,0.0002204315
"The capital of Jordan is Guatemala City",capital,capitals,0,244,0.5526801704,0.0000000000,0.0000753701
"The capital of Greece is Athens",capital,capitals,1,245,0.7307266113,0.9999753675,0.9999591350
"The capital of Azerbaijan is Baku",capital,capitals,1,246,0.7146486607,0.9999975094,0.9930563170
"The capital of Fiji is Suva",capital,capitals,1,247,0.7137404901,0.9994542153,0.9954404086
"The capital of Switzerland is Bern",capital,capitals,1,248,0.8210917781,0.9875874121,0.9995373426
"The capital of Tajikistan is Prague",capital,capitals,0,249,0.8178420561,0.0000000786,0.0001150242
"The capital of Sudan is Baghdad",capital,capitals,0,250,0.5334493703,0.0000000000,0.0000058751
"The capital of Eswatini is London",capital,capitals,0,251,0.7654127976,0.0000000038,0.0195952524
"The capital of Malawi is Havana",capital,capitals,0,252,0.6857615943,0.0000000000,0.0003619388
"The capital of Latvia is Riga",capital,capitals,1,253,0.7300809101,0.9999962659,0.9994212920
"The capital of Jordan is Amman",capital,capitals,1,254,0.7922952527,0.9994666810,0.9931887253
"The capital of Yemen is Sanaa",capital,capitals,1,255,0.7754752125,0.9038834677,0.9976543844
"The capital of Turkey is Ankara",capital,capitals,1,256,0.7438975753,0.9998912367,0.9994344242
"The capital of New Zealand is Wellington",capital,capitals,1,257,0.7917813425,0.9949677816,0.9986930860
"The capital of Somalia is Mogadishu",capital,capitals,1,258,0.8298866795,0.9886041248,0.9995212816
"The capital of North Macedonia is Skopje",capital,capitals,1,259,0.8067765048,0.9975630006,0.9941171907
"The capital of Belize is Belmopan",capital,capitals,1,260,0.5763966718,0.0043853654,0.9904417196
"The capital of Norway is Oslo",capital,capitals,1,261,0.8331531882,0.9976244390,0.9989559407
"The capital of Rwanda is Nouakchott",capital,capitals,0,262,0.6959678205,0.0000000003,0.0016619770
"The capital of Afghanistan is Manila",capital,capitals,0,263,0.6958004695,0.0000000000,0.0005358696
"The capital of Niger is Jakarta",capital,capitals,0,264,0.6670822308,0.0000000000,0.0214743815
"The capital of North Korea is Pyongyang",capital,capitals,1,265,0.7790955508,0.9999482021,0.9997919059
"The capital of Qatar is Doha",capital,capitals,1,266,0.7896205857,0.9978859678,0.9994160280
"The capital of Peru is Lima",capital,capitals,1,267,0.7792029920,0.9990430877,0.9973164424
"The capital of Belize is Harare",capital,capitals,0,268,0.6830432343,0.0000000000,0.0000083006
"The capital of Croatia is Zagreb",capital,capitals,1,269,0.7780999520,0.9994560139,0.9992030983
"The capital of Greece is Pretoria",capital,capitals,0,270,0.7253104077,0.0000000000,0.0002710340
"The capital of Angola is Luanda",capital,capitals,1,271,0.7990132718,0.9998699212,0.9995858392
"The capital of Chile is Santiago",capital,capitals,1,272,0.7890389644,0.9999281037,0.9738597750
"The capital of Myanmar is Naypyidaw",capital,capitals,1,273,0.5729744571,0.0000040719,0.9996402197
"The capital of Spain is Madrid",capital,capitals,1,274,0.8022565139,0.9942807084,0.9970575638
"The capital of Iraq is Baghdad",capital,capitals,1,275,0.7779143397,0.9978440563,0.9964332823
"The capital of Tunisia is Santiago",capital,capitals,0,276,0.6099257069,0.0000003084,0.0001384781
"The capital of Senegal is Dakar",capital,capitals,1,277,0.7616439126,0.9999534135,0.9986003826
"The capital of Colombia is Bogota",capital,capitals,1,278,0.7383397102,0.9990790279,0.9995417518
"The capital of Lebanon is Beirut",capital,capitals,1,279,0.8002178528,0.9998416488,0.9850624676
"The capital of Slovenia is Ljubljana",capital,capitals,1,280,0.8115439314,0.9977277185,0.9995744672
"The capital of Russia is Moscow",capital,capitals,1,281,0.7431487991,0.9999310085,0.9992986285
"The capital of Ukraine is Kyiv",capital,capitals,1,282,0.7711774439,0.9968911143,0.9961558280
"The capital of Niger is Niamey",capital,capitals,1,283,0.7979380062,0.9792987821,0.9987064702
"The capital of Sudan is Khartoum",capital,capitals,1,284,0.8039696515,0.9053263866,0.7746851940
"The capital of Nicaragua is Managua",capital,capitals,1,285,0.7271282965,0.9991835794,0.9957727238
"The capital of Venezuela is Caracas",capital,capitals,1,286,0.7769743460,0.9999407055,0.9966052264
"The capital of Turkmenistan is Singapore",capital,capitals,0,287,0.6081597676,0.0000000000,0.0000047660
"The capital of Iceland is Manama",capital,capitals,0,288,0.6677709688,0.0000000000,0.0004121563
"The capital of Estonia is Tallinn",capital,capitals,1,289,0.7537019323,0.9999941881,0.9980972329
"The capital of Guyana is Georgetown",capital,capitals,1,290,0.7666986000,0.9998980198,0.9958738595
"The capital of Austria is Vienna",capital,capitals,1,291,0.8002432024,0.9998676823,0.9993899984
"The capital of Ethiopia is Addis Ababa",capital,capitals,1,292,0.7340310230,0.9892786544,0.9993293250
"The capital of Finland is Dodoma",capital,capitals,0,293,0.6424268775,0.0000000000,0.0000739472
"The capital of Philippines is Port-au-Prince",capital,capitals,0,294,0.6833230446,0.0000000000,0.0000651981
"The capital of Nepal is Kathmandu",capital,capitals,1,295,0.7736554061,0.9905910771,0.9996109265
"The capital of Colombia is San Jose",capital,capitals,0,296,0.3694051756,0.0000000000,0.0010206006
"The capital of Bosnia and Herzegovina is Nassau",capital,capitals,0,297,0.6279421244,0.0000000000,0.0000108542
"The capital of Burkina Faso is Ouagadougou",capital,capitals,1,298,0.8728318575,0.9482542175,0.9980816056
"The capital of Nicaragua is Damascus",capital,capitals,0,299,0.6985186611,0.0000000000,0.0001004676
